,question,answer
0,What is Artificial Intelligence (AI)?,Artificial Intelligence (AI) refers to the simulation of human intelligence in machines that are programmed to think and learn like humans. The term can also be applied to any machine that exhibits traits associated with a human mind such as learning and problem-solving.
1,What are the main goals of AI?,"The main goals of AI include reasoning, problem-solving, knowledge representation, planning, learning, natural language processing, perception, and the ability to move and manipulate objects."
2,What is Machine Learning?,Machine Learning is a subset of AI that involves the development of algorithms that enable computers to learn and improve from experience without being explicitly programmed for each task.
3,What is Deep Learning?,"Deep Learning is a subset of Machine Learning that uses neural networks with many layers (deep neural networks) to analyze data. It is particularly useful for tasks involving large amounts of data and complex patterns, such as image and speech recognition."
4,What is Natural Language Processing (NLP)?,"NLP is a branch of AI that deals with the interaction between computers and humans in natural language. It involves the development of algorithms and statistical models that enable computers to process, understand, and generate natural language data."
5,What is the difference between Narrow AI and General AI?,"Narrow AI is designed to perform a specific task, such as facial recognition or playing chess. General AI, on the other hand, refers to a hypothetical AI system that possesses the ability to understand, learn, and apply its intelligence broadly, similar to human intelligence."
6,What is the Turing Test?,"The Turing Test is a method for determining whether a machine is capable of thinking like a human being. It involves a human evaluator engaging in natural language conversations with both a human and a machine, without knowing which is which. If the evaluator cannot reliably distinguish the human from the machine, the machine is said to have passed the Turing Test."
7,What are neural networks?,Neural networks are a series of algorithms that seek to recognize underlying relationships in a set of data through a process that mimics the way the human brain operates. They consist of layers of interconnected nodes (neurons) that process and transmit information.
8,What is the role of Big Data in AI?,Big Data plays a crucial role in AI as it provides the vast amounts of data required for training and improving AI models. The quality and quantity of the data directly impact the accuracy and reliability of AI systems.
9,What are some applications of AI?,"AI has numerous applications across various industries, including healthcare (diagnosis, personalized medicine), finance (fraud detection, algorithmic trading), transportation (self-driving cars), customer service (chatbots), and education (personalized learning platforms)."
10,What are the potential risks of AI?,"The potential risks of AI include job displacement, bias in decision-making, loss of human agency, and the possibility of AI systems being used for malicious purposes. There are also concerns about the ethical implications of creating autonomous systems that can make decisions without human oversight."
11,What is the current state of AI?,"AI has made significant progress in recent years, with advancements in areas such as image recognition, natural language processing, and game playing. However, despite these achievements, AI still falls short of true human-like intelligence and faces challenges in areas such as common sense, reasoning, and understanding the nuances of human behavior."
12,What is the future of AI?,"The future of AI is expected to be shaped by continued advancements in Machine Learning, the increasing availability of data, and the development of more sophisticated algorithms. AI is likely to become even more integrated into daily life, transforming industries and revolutionizing the way we work and live."
13,What is the role of ethics in AI?,"Ethics plays a crucial role in AI as it involves considering the moral implications of creating and using AI systems. This includes ensuring that AI systems are fair, transparent, and accountable, and that they respect human rights and dignity."
14,What is AI governance?,"AI governance refers to the framework of rules, regulations, and standards that are designed to ensure that AI systems are developed and used responsibly. It involves addressing issues such as privacy, security, and accountability in AI."
15,What are some challenges in implementing AI?,"Some challenges in implementing AI include the need for high-quality data, the difficulty of integrating AI with existing systems, the challenge of explaining AI decisions, and the risk of AI systems perpetuating biases and discrimination."
16,What is Explainable AI?,Explainable AI refers to the development of techniques and tools that enable the understanding and interpretation of AI decisions. It is crucial for building trust in AI systems and ensuring that they are transparent and accountable.
17,What is the role of humans in AI?,"Humans play a crucial role in AI, from developing and training AI models to ensuring that AI systems are used responsibly and ethically. Human oversight and judgment are essential for mitigating the risks of AI and ensuring that AI systems align with human values."
18,What is AI for social good?,"AI for social good refers to the application of AI to address societal challenges and improve the human condition. This includes using AI to tackle issues such as climate change, healthcare disparities, and education inequality."
19,What is the relationship between AI and jobs?,"AI has the potential to both create and displace jobs. While AI may automate certain tasks, it also creates new opportunities for employment in areas such as AI development, deployment, and maintenance."
20,What is the impact of AI on education?,"AI is transforming education by enabling personalized learning, automating grading, and providing real-time feedback. AI-powered adaptive learning systems can adjust to the needs of individual students, improving learning outcomes and increasing efficiency."
21,What is the role of AI in healthcare?,"AI is revolutionizing healthcare by enabling early disease detection, personalized medicine, and more effective treatment plans. AI can analyze large amounts of medical data, identify patterns, and provide insights that can improve patient outcomes."
22,What is the impact of AI on the environment?,"AI can have both positive and negative impacts on the environment. On the one hand, AI can help reduce energy consumption, optimize resource usage, and predict and prevent natural disasters. On the other hand, the development and deployment of AI systems can contribute to greenhouse gas emissions and e-waste."
23,What is AI in transportation?,"AI is transforming transportation by enabling the development of autonomous vehicles, optimizing traffic flow, and improving route planning. AI-powered systems can analyze real-time data, predict traffic patterns, and make decisions to reduce congestion and improve safety."
24,What is the role of AI in customer service?,"AI is revolutionizing customer service by enabling the development of chatbots, virtual assistants, and other automated systems that can provide 24/7 support, answer frequently asked questions, and help customers with simple inquiries."
25,What is AI in finance?,"AI is transforming finance by enabling the development of automated trading systems, predicting market trends, and detecting financial anomalies. AI-powered systems can analyze large amounts of financial data, identify patterns, and make decisions to optimize investment strategies."
26,What is the impact of AI on cybersecurity?,"AI is both a blessing and a curse for cybersecurity. On the one hand, AI-powered systems can detect and respond to cyber threats more effectively than traditional systems. On the other hand, AI-powered attacks can be more sophisticated and difficult to defend against."
27,What is AI in manufacturing?,"AI is transforming manufacturing by enabling the development of smart factories, optimizing production processes, and improving product quality. AI-powered systems can analyze real-time data, predict maintenance needs, and make decisions to optimize production workflows."
28,What is the role of AI in supply chain management?,"AI is revolutionizing supply chain management by enabling the development of predictive analytics, optimizing inventory levels, and improving logistics. AI-powered systems can analyze real-time data, identify patterns, and make decisions to optimize supply chain operations."
29,What is AI in human resources?,"AI is transforming human resources by enabling the development of automated recruitment tools, predicting employee turnover, and improving employee engagement. AI-powered systems can analyze large amounts of HR data, identify patterns, and make decisions to optimize HR strategies."
30,What is the impact of AI on marketing?,"AI is revolutionizing marketing by enabling the development of personalized marketing campaigns, predicting customer behavior, and improving customer engagement. AI-powered systems can analyze large amounts of customer data, identify patterns, and make decisions to optimize marketing strategies."
31,What is AI in sales?,"AI is transforming sales by enabling the development of automated sales tools, predicting customer needs, and improving sales forecasting. AI-powered systems can analyze large amounts of sales data, identify patterns, and make decisions to optimize sales strategies."
32,What is the role of AI in research and development?,"AI is revolutionizing research and development by enabling the analysis of large amounts of data, identifying patterns, and making predictions. AI-powered systems can help researchers identify new"
33,What is Artificial Intelligence (AI)?,Artificial Intelligence refers to the simulation of human intelligence in machines that are programmed to think and learn like humans. The term can also be applied to any machine that exhibits traits associated with a human mind such as learning and problem-solving.
34,What are the main types of Artificial Intelligence?,"The main types of AI are Narrow or Weak AI, General or Strong AI, and Superintelligence. Narrow AI is designed to perform a specific task, General AI is designed to perform any intellectual task that a human can, and Superintelligence is significantly more intelligent than the best human minds."
35,What is Machine Learning?,Machine Learning is a subset of AI that involves the development of algorithms that enable computers to learn and improve from experience without being explicitly programmed for each task.
36,What is the difference between Machine Learning and Deep Learning?,"Deep Learning is a subset of Machine Learning that uses neural networks with many layers (deep neural networks) to analyze data. While Machine Learning can use various algorithms, Deep Learning specifically uses deep neural networks."
37,What is Natural Language Processing (NLP)?,"NLP is a branch of AI that deals with the interaction between computers and humans in natural language. It involves the development of algorithms and statistical models that enable computers to process, understand, and generate natural language data."
38,What is Computer Vision?,Computer Vision is a field of AI that enables computers to interpret and understand the visual world. It involves the development of algorithms that can process and analyze digital images and videos.
39,What are neural networks?,"Neural networks are a series of algorithms that mimic the operations of the human brain to recognize patterns in data and interpret sensory data through a kind of machine perception, labeling, or clustering of raw input."
40,What is Reinforcement Learning?,Reinforcement Learning is a type of Machine Learning where an agent learns to behave in an environment by performing actions and seeing the results. It is about taking suitable action to maximize reward in a particular situation.
41,What is the role of Big Data in AI?,Big Data plays a crucial role in AI as it provides the large amounts of data needed to train AI models. AI algorithms can process vast amounts of data to learn patterns and make predictions or decisions.
42,What is the difference between AI and Robotics?,AI involves the development of algorithms and software to enable machines to think and learn like humans. Robotics involves the design and creation of physical robots that can perform tasks automatically. Robotics often uses AI to enable robots to make decisions and adapt to new situations.
43,What is the Turing Test?,"The Turing Test is a method for determining whether a machine is capable of thinking like a human being. It involves a human evaluator engaging in natural language conversations with both a human and a machine, without knowing which is which, and then deciding which of the two they believe to be human."
44,What is the potential impact of AI on jobs?,"AI has the potential to automate many jobs, which could lead to job displacement. However, it could also create new job opportunities in fields related to AI development, deployment, and maintenance."
45,What are the ethical considerations of AI?,"The development and deployment of AI raise several ethical considerations, including issues related to bias, fairness, transparency, accountability, and privacy. There are also concerns about the potential misuse of AI for malicious purposes."
46,What is the current state of AI research?,"AI research is a rapidly evolving field, with significant advancements being made in areas such as Machine Learning, Deep Learning, NLP, and Computer Vision. Researchers are also exploring new areas such as Explainable AI and Edge AI."
47,What are some applications of AI in healthcare?,"AI has several applications in healthcare, including diagnosis, personalized medicine, medical imaging analysis, and patient data analysis. AI can also help with tasks such as scheduling appointments and managing medical records."
48,What are some applications of AI in finance?,"AI has several applications in finance, including risk management, portfolio management, credit scoring, and fraud detection. AI can also help with tasks such as customer service and data analysis."
49,What are some applications of AI in transportation?,"AI has several applications in transportation, including self-driving cars, route optimization, traffic management, and predictive maintenance. AI can also help with tasks such as logistics and supply chain management."
50,What is the difference between Symbolic AI and Connectionist AI?,"Symbolic AI involves the use of symbols and rules to represent and manipulate knowledge. Connectionist AI, on the other hand, involves the use of neural networks to learn and represent knowledge."
51,What is the concept of Singularity in AI?,"The Singularity refers to a hypothetical future event when AI surpasses human intelligence, leading to exponential growth in technological advancements, and potentially transforming society in profound ways."
52,What are some challenges in developing AI systems?,"Developing AI systems poses several challenges, including data quality issues, algorithmic bias, scalability, and interpretability. There are also challenges related to ensuring the reliability, safety, and security of AI systems."
53,What is Explainable AI?,Explainable AI refers to the development of AI systems that provide insights into their decision-making processes. It involves the use of techniques such as feature attribution and model interpretability to understand how AI models work.
54,What is Edge AI?,"Edge AI refers to the deployment of AI models at the edge of the network, closer to the source of the data. It involves the use of edge computing and IoT devices to enable real-time processing and analysis of data."
55,What is the role of Human-Computer Interaction (HCI) in AI?,"HCI plays a crucial role in AI as it involves the design and development of interfaces that enable humans to interact with AI systems effectively. HCI is essential for ensuring that AI systems are usable, accessible, and transparent."
56,What are some applications of AI in education?,"AI has several applications in education, including personalized learning, adaptive assessments, and intelligent tutoring systems. AI can also help with tasks such as grading and feedback."
57,What are some applications of AI in customer service?,"AI has several applications in customer service, including chatbots, virtual assistants, and sentiment analysis. AI can also help with tasks such as routing customer inquiries and providing personalized recommendations."
58,What is the concept of AI for Social Good?,"AI for Social Good refers to the use of AI to address societal challenges such as poverty, inequality, and climate change. It involves the development of AI solutions that can help create positive social impact."
59,What is the role of AI in cybersecurity?,"AI plays a crucial role in cybersecurity as it involves the use of machine learning algorithms to detect and respond to cyber threats. AI can help identify patterns and anomalies in network traffic, and enable real-time threat detection and response."
60,What are some applications of AI in manufacturing?,"AI has several applications in manufacturing, including predictive maintenance, quality control, and supply chain optimization. AI can also help with tasks such as inventory management and demand forecasting."
61,What are some applications of AI in marketing?,"AI has several applications in marketing, including customer segmentation, personalization, and campaign optimization. AI can also help with tasks such as lead scoring and content generation."
62,What is the concept of Creative AI?,"Creative AI refers to the use of AI to generate creative content such as art, music, and literature. It involves the development of AI algorithms that can learn from existing creative works and generate new ones."
63,What are some applications of AI in sports?,"AI has several applications in sports, including player tracking, game analysis, and injury prediction. AI can also help with tasks such as scheduling and ticket pricing."
64,What is the role of AI in environmental sustainability?,"AI plays a crucial role in environmental sustainability as it involves the use of machine learning algorithms to analyze and predict environmental patterns. AI can help identify areas of high conservation value, and enable real-time monitoring of environmental parameters."
65,What are some applications of AI in government?,"AI has several applications in government, including public service delivery, policy analysis, and law enforcement. AI can also help with tasks such as tax collection and benefits administration."
66,What is the concept of AI Governance?,"AI Governance refers to the development of policies and regulations to ensure the responsible development and deployment of AI systems. It involves the establishment of standards and guidelines for AI development, deployment, and use."
67,What are some challenges in deploying AI systems?,"Deploying AI systems poses several challenges, including data quality issues, algorithmic bias, scalability, and interpretability. There are also challenges related to ensuring the reliability, safety, and security of AI systems."
68,What is the role of DevOps in AI?,DevOps plays a crucial role in AI as it involves the use of practices such as continuous integration and continuous deployment to ensure the
69,What is Artificial Intelligence (AI)?,Artificial Intelligence (AI) refers to the simulation of human intelligence in machines that are programmed to think and learn like humans. The term can also be applied to any machine that exhibits traits associated with a human mind such as learning and problem-solving.
70,What are the main types of Artificial Intelligence?,"The main types of Artificial Intelligence are: Narrow or Weak AI, which is designed to perform a specific task; General or Strong AI, which is designed to perform any intellectual task that a human can; and Superintelligence, which is significantly more intelligent than the best human minds."
71,What is Machine Learning?,"Machine Learning is a subset of Artificial Intelligence that involves the use of algorithms and statistical models to enable machines to perform a specific task without using explicit instructions, relying on patterns and inference instead."
72,What is the difference between Machine Learning and Deep Learning?,"Machine Learning involves algorithms that allow machines to learn from data, whereas Deep Learning is a subset of Machine Learning that uses neural networks with many layers (deep neural networks) to analyze data."
73,What is Natural Language Processing (NLP)?,"Natural Language Processing (NLP) is a branch of Artificial Intelligence that deals with the interaction between computers and humans in natural language, enabling computers to understand, interpret, and generate human language."
74,What is Computer Vision?,"Computer Vision is a field of Artificial Intelligence that trains computers to interpret and understand the visual world, enabling them to recognize and classify objects, and make decisions based on visual data."
75,What are the applications of Artificial Intelligence?,"Artificial Intelligence has a wide range of applications, including but not limited to, robotics, healthcare, finance, transportation, education, and customer service."
76,What is the Turing Test?,"The Turing Test is a method for determining whether a machine is capable of thinking like a human being. It involves a human evaluator engaging in natural language conversations with both a human and a machine, without knowing which is which."
77,What is the concept of Singularity in AI?,"The Singularity in AI refers to a hypothetical future event when Artificial Intelligence surpasses human intelligence, leading to exponential growth in technological advancements, and potentially transforming society in profound ways."
78,What are the potential risks of Artificial Intelligence?,"The potential risks of Artificial Intelligence include job displacement, loss of human agency, bias and discrimination, and the potential for AI to be used in malicious ways, such as autonomous weapons."
79,What is the role of ethics in Artificial Intelligence?,"Ethics plays a crucial role in Artificial Intelligence, as it involves considering the potential consequences of AI systems on society, ensuring that AI systems are fair, transparent, and accountable, and aligning AI development with human values."
80,What is the current state of Artificial Intelligence?,"The current state of Artificial Intelligence is rapidly evolving, with significant advancements in areas such as Machine Learning, Natural Language Processing, and Computer Vision, and increasing adoption of AI in various industries."
81,What are the challenges in developing Artificial Intelligence?,"The challenges in developing Artificial Intelligence include creating AI systems that can learn from limited data, ensuring AI systems are transparent and explainable, and addressing the potential risks and biases associated with AI."
82,What is the future of Artificial Intelligence?,"The future of Artificial Intelligence is likely to involve continued advancements in areas such as Machine Learning, Natural Language Processing, and Computer Vision, as well as increased adoption of AI in various industries and aspects of life."
83,What is the impact of Artificial Intelligence on jobs?,"The impact of Artificial Intelligence on jobs is complex and multifaceted, with AI having the potential to automate certain tasks and displace jobs, but also creating new job opportunities and enhancing productivity."
84,What is the role of Artificial Intelligence in education?,"Artificial Intelligence can play a significant role in education, enhancing learning outcomes, improving student engagement, and increasing access to education, through applications such as adaptive learning systems and AI-powered tutoring."
85,What is the role of Artificial Intelligence in healthcare?,"Artificial Intelligence can play a significant role in healthcare, improving diagnosis accuracy, streamlining clinical workflows, and enhancing patient care, through applications such as medical imaging analysis and AI-powered chatbots."
86,What is the role of Artificial Intelligence in finance?,"Artificial Intelligence can play a significant role in finance, improving risk management, enhancing customer service, and increasing operational efficiency, through applications such as credit scoring and AI-powered trading platforms."
87,What is the role of Artificial Intelligence in transportation?,"Artificial Intelligence can play a significant role in transportation, improving safety, reducing congestion, and enhancing mobility, through applications such as autonomous vehicles and AI-powered traffic management systems."
88,What is the role of Artificial Intelligence in customer service?,"Artificial Intelligence can play a significant role in customer service, improving response times, enhancing customer engagement, and increasing efficiency, through applications such as AI-powered chatbots and virtual assistants."
89,What is the role of Artificial Intelligence in cybersecurity?,"Artificial Intelligence can play a significant role in cybersecurity, improving threat detection, enhancing incident response, and increasing security posture, through applications such as AI-powered intrusion detection systems and predictive analytics."
90,What is the role of Artificial Intelligence in environmental sustainability?,"Artificial Intelligence can play a significant role in environmental sustainability, improving resource management, reducing waste, and enhancing climate resilience, through applications such as AI-powered climate modeling and sustainable supply chain management."
91,What is the role of Artificial Intelligence in social media?,"Artificial Intelligence can play a significant role in social media, improving content moderation, enhancing user engagement, and increasing advertising effectiveness, through applications such as AI-powered content analysis and personalized recommendations."
92,What is the role of Artificial Intelligence in e-commerce?,"Artificial Intelligence can play a significant role in e-commerce, improving customer experience, enhancing supply chain management, and increasing sales, through applications such as AI-powered product recommendations and chatbots."
93,What is the role of Artificial Intelligence in human resources?,"Artificial Intelligence can play a significant role in human resources, improving recruitment, enhancing employee engagement, and increasing HR efficiency, through applications such as AI-powered applicant tracking systems and predictive analytics."
94,What is the role of Artificial Intelligence in marketing?,"Artificial Intelligence can play a significant role in marketing, improving customer segmentation, enhancing personalization, and increasing campaign effectiveness, through applications such as AI-powered customer journey mapping and predictive analytics."
95,What is the role of Artificial Intelligence in sales?,"Artificial Intelligence can play a significant role in sales, improving lead generation, enhancing customer engagement, and increasing conversion rates, through applications such as AI-powered sales forecasting and chatbots."
96,What is the role of Artificial Intelligence in supply chain management?,"Artificial Intelligence can play a significant role in supply chain management, improving demand forecasting, enhancing inventory management, and increasing logistics efficiency, through applications such as AI-powered predictive analytics and real-time monitoring."
97,What is the role of Artificial Intelligence in manufacturing?,"Artificial Intelligence can play a significant role in manufacturing, improving product quality, enhancing production efficiency, and increasing safety, through applications such as AI-powered predictive maintenance and quality control."
98,What is the role of Artificial Intelligence in agriculture?,"Artificial Intelligence can play a significant role in agriculture, improving crop yields, enhancing resource management, and increasing sustainability, through applications such as AI-powered precision farming and predictive analytics."
99,What is the role of Artificial Intelligence in construction?,"Artificial Intelligence can play a significant role in construction, improving project management, enhancing building design, and increasing site safety, through applications such as AI-powered building information modeling and predictive analytics."
100,What is the role of Artificial Intelligence in energy management?,"Artificial Intelligence can play a significant role in energy management, improving energy efficiency, enhancing grid management, and increasing renewable energy integration, through applications such as AI-powered predictive analytics and real-time monitoring."
101,What is the role of Artificial Intelligence in waste management?,"Artificial Intelligence can play a significant role in waste management, improving waste sorting, enhancing recycling rates, and increasing landfill management, through applications such as AI-powered waste sorting and predictive analytics."
102,What is the role of Artificial Intelligence in water management?,"Artificial Intelligence can play a significant role in water management, improving water quality, enhancing water conservation, and increasing flood control, through applications such as AI-powered water quality monitoring and predictive analytics."
103,What is the role of Artificial Intelligence in disaster response?,"Artificial Intelligence can play a significant role in disaster response, improving damage assessment, enhancing resource allocation, and increasing response times, through applications such as AI-powered damage assessment and predictive analytics."
104,What is the role of Artificial Intelligence in public safety?,"Artificial Intelligence can play a significant role in public safety, improving crime prevention, enhancing emergency response, and increasing community engagement, through applications such as AI-powered crime prediction and emergency response systems."
105,What is Artificial Intelligence (AI)?,Artificial Intelligence refers to the simulation of human intelligence in machines that are programmed to think and learn like humans. The term can also be applied to any machine that exhibits traits associated with a human mind such as learning and problem-solving.
106,What are the main types of Artificial Intelligence?,"The main types of AI are Narrow or Weak AI, General or Strong AI, and Superintelligence. Narrow AI is designed to perform a specific task, General AI is designed to perform any intellectual task, and Superintelligence is significantly more intelligent than the best human minds."
107,What is Machine Learning?,Machine Learning is a subset of AI that involves the development of algorithms that enable computers to learn and improve from experience without being explicitly programmed for each task.
108,What is Deep Learning?,Deep Learning is a subset of Machine Learning that uses neural networks with many layers (deep neural networks) to analyze patterns in data. It is particularly useful for tasks involving image and speech recognition.
109,What is Natural Language Processing (NLP)?,"NLP is a subset of AI that deals with the interaction between computers and humans in natural language. It involves the development of algorithms and statistical models that enable computers to process, understand, and generate natural language data."
110,What are neural networks?,"Neural networks are a series of algorithms that are modeled after the human brain. They are designed to recognize patterns in data and interpret sensory data through a kind of machine perception, labeling, or clustering of raw input."
111,What is the difference between supervised and unsupervised learning?,"Supervised learning involves training a model on labeled data, where the correct output is already known. Unsupervised learning involves training a model on unlabeled data, where the model must find patterns or relationships in the data."
112,What is reinforcement learning?,"Reinforcement learning is a type of Machine Learning where an agent learns to take actions in an environment to maximize a reward. The agent learns through trial and error, receiving feedback in the form of rewards or penalties."
113,What is a chatbot?,"A chatbot is a computer program that uses AI to simulate conversation with human users, either through text or voice interactions. Chatbots are often used in customer service applications."
114,What is computer vision?,Computer vision is a field of AI that deals with enabling computers to interpret and understand visual information from the world. It involves the development of algorithms that can process and analyze images and videos.
115,What is robotics?,"Robotics is the intersection of AI and physical systems, where AI algorithms are used to control and interact with physical devices, such as robots."
116,What is the Turing Test?,"The Turing Test is a measure of a machine's ability to exhibit intelligent behavior equivalent to, or indistinguishable from, that of a human. It involves a human evaluator engaging in natural language conversations with both a human and a machine, without knowing which is which."
117,What is the Singularity?,"The Singularity refers to a hypothetical future event in which AI surpasses human intelligence, leading to exponential growth in technological advancements, and potentially transforming society in profound ways."
118,What are the potential risks of AI?,"The potential risks of AI include job displacement, bias in decision-making, loss of human agency, and the potential for AI systems to become uncontrollable or even hostile."
119,What is AI ethics?,"AI ethics is the study of the moral implications of AI systems, including issues related to fairness, transparency, accountability, and the potential impact on society."
120,What is Explainable AI (XAI)?,"XAI refers to the development of AI systems that provide clear explanations for their decisions and actions, enabling humans to understand and trust the results."
121,What is Transfer Learning?,"Transfer Learning is a Machine Learning technique where a model trained on one task is re-purposed or fine-tuned for another related task, allowing the model to adapt to new situations."
122,What is the difference between AI and automation?,"AI involves the simulation of human intelligence, while automation involves the use of machines or software to perform repetitive tasks. AI can enable more complex and dynamic automation."
123,What is the role of data in AI?,"Data plays a crucial role in AI, as it is used to train and validate AI models. High-quality data is essential for developing accurate and reliable AI systems."
124,What is the difference between symbolic and connectionist AI?,"Symbolic AI involves the use of symbols and rules to represent knowledge, while connectionist AI involves the use of neural networks to learn patterns in data."
125,What is the history of AI?,"The history of AI dates back to the 1950s, when the term was first coined. Since then, AI has experienced several waves of interest and development, with significant advancements in recent years due to the availability of large datasets and computing power."
126,What is the current state of AI research?,"Current AI research focuses on developing more advanced and generalizable AI systems, as well as addressing the challenges and risks associated with AI, such as bias, explainability, and control."
127,What are the potential applications of AI?,"The potential applications of AI are vast and varied, including areas such as healthcare, finance, transportation, education, and customer service."
128,What is the impact of AI on jobs?,"AI has the potential to automate many jobs, but it also creates new job opportunities in areas such as AI development, deployment, and maintenance."
129,What is the role of human judgment in AI?,"Human judgment plays a crucial role in AI, as it is needed to validate the accuracy and reliability of AI systems, as well as to make decisions that require empathy, ethics, and critical thinking."
130,What is the difference between AI and human intelligence?,"AI is designed to simulate human intelligence, but it lacks the nuance, creativity, and common sense of human intelligence. AI systems are also limited by their programming and data."
131,What is the potential for AI to improve society?,"AI has the potential to improve society in many ways, including improving healthcare outcomes, increasing efficiency, and enhancing decision-making. However, it also requires careful consideration of the potential risks and challenges."
132,What is the need for AI regulation?,"The need for AI regulation arises from the potential risks and challenges associated with AI, including bias, job displacement, and loss of human agency. Regulation can help ensure that AI is developed and deployed responsibly."
133,What is the role of transparency in AI?,"Transparency is essential in AI, as it enables the understanding and trust of AI systems. Transparency involves providing clear explanations of AI decision-making processes and data sources."
134,What is the impact of AI on education?,"AI has the potential to transform education by providing personalized learning experiences, automating grading, and enhancing student outcomes. However, it also requires careful consideration of the potential risks and challenges."
135,What is the role of AI in healthcare?,"AI has the potential to improve healthcare outcomes by analyzing medical data, identifying patterns, and providing insights that can inform treatment decisions. AI can also help with diagnosis, patient engagement, and population health management."
136,What is the potential for AI to improve the environment?,"AI has the potential to improve the environment by optimizing resource usage, reducing waste, and enhancing sustainability. AI can also help with climate modeling, prediction, and mitigation."
137,What is the role of AI in finance?,"AI has the potential to transform finance by analyzing financial data, identifying patterns, and providing insights that can inform investment decisions. AI can also help with risk management, portfolio optimization, and customer service."
138,What is the impact of AI on transportation?,"AI has the potential to transform transportation by enabling the development of autonomous vehicles, optimizing routes, and enhancing safety. AI can also help with traffic management, logistics, and supply chain optimization."
139,What is the role of AI in customer service?,"AI has the potential to transform customer service by providing 24/7 support, automating routine tasks, and enhancing customer engagement. AI can also help with sentiment analysis, issue resolution, and customer feedback."
140,What is the potential for AI to improve cybersecurity?,"AI has the potential to improve cybersecurity by analyzing network traffic, identifying patterns, and providing insights that can inform security decisions. AI can also help with threat detection, incident response, and vulnerability management."
141,What is the role of AI in supply chain management?,"AI has the potential to transform supply chain management by optimizing inventory levels, predicting demand, and enhancing logistics. AI can also help with supplier selection, contract management, and risk mitigation."
142,What is the impact of AI on human relationships?,"AI has the potential to impact human relationships by providing new channels for communication, enhancing collaboration, and enabling more efficient conflict"
143,What is Artificial Intelligence?,Artificial Intelligence (AI) refers to the simulation of human intelligence in machines that are programmed to think and learn like humans. The term can also be applied to any machine that exhibits traits associated with a human mind such as learning and problem-solving.
144,What are the main types of Artificial Intelligence?,"The main types of AI are Narrow or Weak AI, which is designed to perform a specific task, General or Strong AI, which is designed to perform any intellectual task that a human can, and Superintelligence, which is significantly more intelligent than the best human minds."
145,What is Machine Learning?,Machine Learning is a subset of AI that involves the development of algorithms that enable computers to learn and improve from experience without being explicitly programmed for each task.
146,What is Deep Learning?,Deep Learning is a subset of Machine Learning that involves the use of artificial neural networks to analyze and interpret data. It is inspired by the structure and function of the human brain.
147,What is Natural Language Processing?,"Natural Language Processing (NLP) is a subset of AI that deals with the interaction between computers and humans in natural language. It involves the development of algorithms and statistical models that enable computers to process, understand, and generate natural language data."
148,What are Neural Networks?,"Neural Networks are a series of algorithms that are modeled after the human brain. They are designed to recognize patterns in data and learn from experience, allowing them to improve their performance over time."
149,What is the difference between a chatbot and a virtual assistant?,"A chatbot is a computer program that uses AI to simulate conversation with human users, typically through text or voice interactions. A virtual assistant, on the other hand, is a more advanced AI system that can perform a wide range of tasks, such as scheduling appointments and making recommendations."
150,What is the Turing Test?,"The Turing Test is a measure of a machine's ability to exhibit intelligent behavior equivalent to, or indistinguishable from, that of a human. It involves a human evaluator engaging in natural language conversations with both a human and a machine, without knowing which is which."
151,What is the Singularity?,"The Singularity refers to a hypothetical future event in which AI surpasses human intelligence, leading to exponential growth in technological advancements, and potentially transforming society in profound ways."
152,What is the difference between AI and Robotics?,"AI refers to the development of computer systems that can perform tasks that typically require human intelligence, such as learning and problem-solving. Robotics, on the other hand, refers to the development of robots, which are machines that can be programmed to perform a variety of tasks, often using AI systems."
153,What is the role of data in AI systems?,"Data plays a crucial role in AI systems, as it is used to train and improve the performance of AI algorithms. High-quality data is essential for developing accurate and reliable AI models."
154,What is the difference between supervised and unsupervised learning?,"Supervised learning involves training an AI model on labeled data, where the correct output is already known. Unsupervised learning, on the other hand, involves training an AI model on unlabeled data, where the model must find patterns and relationships on its own."
155,What is reinforcement learning?,"Reinforcement learning is a type of Machine Learning where an AI agent learns to take actions in an environment to maximize a reward signal. The agent learns through trial and error, receiving feedback in the form of rewards or penalties."
156,What is the role of ethics in AI development?,"Ethics plays a crucial role in AI development, as AI systems have the potential to impact society in significant ways. Developers must consider issues such as bias, fairness, transparency, and accountability when designing and deploying AI systems."
157,What is the difference between a rule-based system and a machine learning system?,"A rule-based system uses pre-defined rules to make decisions, whereas a machine learning system uses algorithms to learn from data and make decisions based on patterns and relationships."
158,What is the role of human oversight in AI systems?,"Human oversight is essential in AI systems, as it ensures that AI decisions are accurate, fair, and transparent. Humans must review and correct AI decisions to prevent errors and bias."
159,What is the impact of AI on employment?,"AI has the potential to automate many jobs, potentially displacing human workers. However, AI also creates new job opportunities in fields such as AI development, deployment, and maintenance."
160,What is the role of AI in healthcare?,"AI has the potential to revolutionize healthcare by improving diagnosis, treatment, and patient outcomes. AI can analyze medical data, identify patterns, and make predictions, helping doctors make more accurate diagnoses and develop personalized treatment plans."
161,What is the role of AI in finance?,"AI has the potential to transform the finance industry by improving risk management, portfolio optimization, and customer service. AI can analyze financial data, identify patterns, and make predictions, helping financial institutions make more informed decisions."
162,What is the role of AI in education?,"AI has the potential to revolutionize education by improving student outcomes, teacher effectiveness, and administrative efficiency. AI can analyze student data, identify knowledge gaps, and provide personalized learning recommendations."
163,What is the role of AI in transportation?,"AI has the potential to transform the transportation industry by improving safety, efficiency, and customer experience. AI can analyze traffic data, optimize routes, and predict maintenance needs, helping to reduce congestion and improve air quality."
164,What is the role of AI in customer service?,"AI has the potential to revolutionize customer service by improving response times, accuracy, and personalization. AI-powered chatbots and virtual assistants can help customers with routine inquiries, freeing up human agents to focus on more complex issues."
165,What is the role of AI in cybersecurity?,"AI has the potential to transform cybersecurity by improving threat detection, incident response, and risk management. AI can analyze network traffic, identify patterns, and predict potential threats, helping to prevent cyber attacks."
166,What is the role of AI in environmental sustainability?,"AI has the potential to help address environmental challenges such as climate change, conservation, and pollution. AI can analyze environmental data, identify patterns, and make predictions, helping policymakers and organizations develop more effective sustainability strategies."
167,What is the role of AI in space exploration?,"AI has the potential to play a critical role in space exploration by improving mission planning, navigation, and decision-making. AI can analyze vast amounts of data, identify patterns, and make predictions, helping astronauts and mission control teams make more informed decisions."
168,What is the role of AI in creative industries?,"AI has the potential to transform creative industries such as art, music, and writing by generating new ideas, exploring new styles, and automating routine tasks. AI can analyze creative data, identify patterns, and make predictions, helping artists and creatives develop new and innovative works."
169,What is the role of AI in social media?,"AI has the potential to transform social media by improving content recommendation, moderation, and engagement. AI can analyze user data, identify patterns, and make predictions, helping social media platforms provide more personalized and relevant experiences."
170,What is the role of AI in e-commerce?,"AI has the potential to transform e-commerce by improving product recommendation, customer service, and supply chain management. AI can analyze customer data, identify patterns, and make predictions, helping online retailers provide more personalized and efficient shopping experiences."
171,What is the role of AI in human resources?,"AI has the potential to transform human resources by improving recruitment, talent management, and employee engagement. AI can analyze HR data, identify patterns, and make predictions, helping HR teams make more informed decisions."
172,What is the role of AI in marketing?,"AI has the potential to transform marketing by improving customer segmentation, targeting, and personalization. AI can analyze customer data, identify patterns, and make predictions, helping marketers develop more effective and efficient marketing campaigns."
173,What is the role of AI in sales?,"AI has the potential to transform sales by improving lead generation, qualification, and conversion. AI can analyze sales data, identify patterns, and make predictions, helping sales teams make more informed decisions and close more deals."
174,What is the role of AI in supply chain management?,"AI has the potential to transform supply chain management by improving demand forecasting, inventory management, and logistics optimization. AI can analyze supply chain data, identify patterns, and make predictions, helping companies reduce costs and improve efficiency."
175,What is the role of AI in quality control?,"AI has the potential to transform quality control by improving defect detection, predictive maintenance, and quality inspection. AI can analyze quality control data, identify patterns, and make predictions, helping companies improve product quality and reduce waste."
176,What is the role of AI in research and development?,"AI has the potential to transform research and development by improving hypothesis generation,"
177,What is Artificial Intelligence (AI)?,Artificial Intelligence (AI) refers to the simulation of human intelligence in machines that are programmed to think and learn like humans. The term can also be applied to any machine that exhibits traits associated with a human mind such as learning and problem-solving.
178,What are the main goals of AI?,"The main goals of AI include reasoning, problem-solving, knowledge representation, learning, natural language processing, and perception. These goals aim to create machines that can perform tasks that typically require human intelligence."
179,What is Machine Learning?,Machine Learning is a subset of AI that involves the development of algorithms that enable computers to learn and improve from experience without being explicitly programmed for each task.
180,What is the difference between Narrow AI and General AI?,"Narrow AI, also known as Weak AI, is designed and trained for a particular task. General AI, also known as Strong AI, has the ability to understand, learn, and apply its intelligence to solve any problem, much like a human being."
181,What is Natural Language Processing (NLP)?,"NLP is a subfield of AI that deals with the interaction between computers and humans in natural language. It involves the development of algorithms and statistical models that enable computers to process, understand, and generate natural language data."
182,What is Deep Learning?,Deep Learning is a subset of Machine Learning that involves the use of artificial neural networks to analyze and interpret data. It is inspired by the structure and function of the human brain and is particularly useful for tasks involving large amounts of data.
183,What is a Neural Network?,A Neural Network is a series of algorithms that seek to recognize underlying relationships in a set of data through a process that mimics the way the human brain operates. It consists of layers of interconnected nodes or 'neurons' that process inputs and produce outputs.
184,What is Reinforcement Learning?,"Reinforcement Learning is a type of Machine Learning where an agent learns to behave in an environment by performing actions and seeing the results. It is based on rewards or penalties for the actions taken, with the goal of maximizing the rewards."
185,What is Computer Vision?,"Computer Vision is a field of AI that enables computers to interpret and understand the visual world. It involves the development of algorithms and statistical models that allow computers to process, analyze, and understand digital images and videos."
186,What are Chatbots?,"Chatbots are computer programs that use AI to simulate conversation with human users, either through text or voice interactions. They are often used in customer service applications and can provide automated responses to common queries."
187,What is Predictive Analytics?,"Predictive Analytics is a form of advanced analytics that uses statistical models, Machine Learning algorithms, and data mining techniques to analyze data and make predictions about future outcomes."
188,What is the Internet of Things (IoT)?,"The IoT refers to the network of physical devices, vehicles, home appliances, and other items embedded with sensors, software, and connectivity, allowing them to collect and exchange data with other devices and systems over the internet."
189,What is Big Data?,Big Data refers to large and complex sets of data that are difficult to process using traditional data processing tools and techniques. It involves the use of advanced analytics and data processing technologies to extract insights and value from the data.
190,What is Cognitive Computing?,"Cognitive Computing refers to the development of computer systems that can simulate human thought processes and mimic the way the human brain works. It involves the use of AI and Machine Learning algorithms to analyze data, make decisions, and learn from experience."
191,What is Robotics?,"Robotics is the branch of technology that deals with the design, construction, operation, and use of robots. It involves the use of AI and Machine Learning algorithms to enable robots to perform tasks that typically require human intelligence."
192,What is Expert System?,An Expert System is a computer program that mimics the decision-making ability of a human expert in a particular field. It uses a knowledge base and inference engine to provide solutions to complex problems.
193,What is Fuzzy Logic?,Fuzzy Logic is a mathematical approach to deal with uncertainty and imprecision in complex systems. It involves the use of fuzzy sets and fuzzy logic operators to make decisions based on uncertain or imprecise data.
194,What is Swarm Intelligence?,"Swarm Intelligence is a field of AI that deals with the collective behavior of decentralized, self-organized systems. It involves the study of how individual components interact with each other to produce complex patterns and behaviors."
195,What is Evolutionary Computation?,Evolutionary Computation is a field of AI that involves the use of evolutionary principles to solve complex optimization problems. It uses algorithms inspired by natural evolution to search for optimal solutions.
196,What is the role of AI in Healthcare?,"AI plays a significant role in healthcare, including diagnosis, treatment, and patient care. It involves the use of Machine Learning algorithms to analyze medical data, identify patterns, and make predictions about patient outcomes."
197,What is the role of AI in Finance?,"AI plays a significant role in finance, including risk management, portfolio optimization, and trading. It involves the use of Machine Learning algorithms to analyze financial data, identify patterns, and make predictions about market trends."
198,What is the role of AI in Education?,"AI plays a significant role in education, including personalized learning, adaptive assessments, and intelligent tutoring systems. It involves the use of Machine Learning algorithms to analyze student data, identify learning patterns, and provide tailored instruction."
199,What is the role of AI in Transportation?,"AI plays a significant role in transportation, including autonomous vehicles, route optimization, and traffic management. It involves the use of Machine Learning algorithms to analyze sensor data, identify patterns, and make decisions about vehicle control and navigation."
200,What is the role of AI in Energy?,"AI plays a significant role in energy, including energy efficiency, renewable energy, and grid management. It involves the use of Machine Learning algorithms to analyze energy data, identify patterns, and make predictions about energy demand and supply."
201,What is the role of AI in Manufacturing?,"AI plays a significant role in manufacturing, including predictive maintenance, quality control, and supply chain optimization. It involves the use of Machine Learning algorithms to analyze sensor data, identify patterns, and make decisions about production and maintenance."
202,What is the role of AI in Customer Service?,"AI plays a significant role in customer service, including chatbots, virtual assistants, and sentiment analysis. It involves the use of Machine Learning algorithms to analyze customer data, identify patterns, and provide personalized support and recommendations."
203,What is the role of AI in Cybersecurity?,"AI plays a significant role in cybersecurity, including threat detection, incident response, and security analytics. It involves the use of Machine Learning algorithms to analyze network data, identify patterns, and make predictions about potential threats."
204,What is the role of AI in Marketing?,"AI plays a significant role in marketing, including personalization, recommendation systems, and predictive analytics. It involves the use of Machine Learning algorithms to analyze customer data, identify patterns, and provide tailored marketing messages and offers."
205,What is the role of AI in Human Resources?,"AI plays a significant role in human resources, including recruitment, talent management, and employee engagement. It involves the use of Machine Learning algorithms to analyze employee data, identify patterns, and provide insights and recommendations for HR decision-making."
206,What is the role of AI in Supply Chain Management?,"AI plays a significant role in supply chain management, including demand forecasting, inventory management, and logistics optimization. It involves the use of Machine Learning algorithms to analyze supply chain data, identify patterns, and make predictions about demand and supply."
207,What is the role of AI in Environmental Sustainability?,"AI plays a significant role in environmental sustainability, including climate modeling, resource optimization, and waste reduction. It involves the use of Machine Learning algorithms to analyze environmental data, identify patterns, and provide insights and recommendations for sustainable practices."
208,What is the role of AI in Social Media?,"AI plays a significant role in social media, including content moderation, sentiment analysis, and influencer identification. It involves the use of Machine Learning algorithms to analyze social media data, identify patterns, and provide insights and recommendations for social media marketing and engagement."
209,What is the role of AI in Government?,"AI plays a significant role in government, including public services, policy-making, and law enforcement. It involves the use of Machine Learning algorithms to analyze government data, identify patterns, and provide insights and recommendations for policy and decision-making."
210,What is the role of AI in Non-Profit Organizations?,"AI plays a significant role in non-profit organizations, including fundraising, donor segmentation, and social impact analysis. It involves the use of Machine Learning algorithms to analyze non-profit data, identify patterns, and provide insights and recommendations for fundraising and social impact."
211,What is Artificial Intelligence?,Artificial Intelligence (AI) refers to the simulation of human intelligence in machines that are programmed to think and learn like humans. The term can also be applied to any machine that exhibits traits associated with a human mind such as learning and problem-solving.
212,What are the main types of Artificial Intelligence?,"The main types of AI are: Narrow or Weak AI, which is designed to perform a specific task; General or Strong AI, which is a theoretical form of AI that would have the ability to understand, learn, and apply its intelligence broadly; and Superintelligence, which significantly surpasses the intelligence of the brightest and most gifted human minds."
213,What is Machine Learning?,Machine Learning is a subset of AI that involves the development of algorithms that enable computers to learn and improve from experience without being explicitly programmed for each task.
214,What is Deep Learning?,"Deep Learning is a subset of Machine Learning that uses neural networks with many layers (deep neural networks) to analyze data. It is particularly useful for tasks involving image, speech, and text recognition."
215,What is Natural Language Processing?,"Natural Language Processing (NLP) is a subset of AI that focuses on the interaction between computers and humans through natural language. It involves the development of algorithms and statistical models that enable computers to process, understand, and generate natural language data."
216,What are Neural Networks?,Neural Networks are a series of algorithms that seek to recognize underlying relationships in a set of data through a process that mimics the way the human brain operates. They are particularly useful for tasks that involve pattern recognition.
217,What is the difference between AI and Robotics?,"While AI involves the creation of intelligent machines that can think and learn, Robotics involves the creation of robots that can perform tasks that typically require human intelligence. Robotics often involves the application of AI to enable robots to perform complex tasks."
218,What are some applications of AI?,"AI has numerous applications across various industries, including but not limited to: healthcare, finance, automotive, customer service, and cybersecurity."
219,What is the Turing Test?,"The Turing Test is a method for determining whether a machine is capable of thinking like a human being. It involves a human evaluator engaging in natural language conversations with both a human and a machine, without knowing which is which. If the evaluator cannot reliably tell the machine from the human, the machine is said to have passed the Turing Test."
220,What is the future of AI?,"The future of AI is vast and rapidly evolving. It is expected to continue transforming industries and revolutionizing the way we live and work. However, it also raises concerns about job displacement, ethics, and the potential risks associated with the development of superintelligent machines."
221,Can AI surpass human intelligence?,"The question of whether AI can surpass human intelligence is a topic of ongoing debate among experts. Some believe that the development of superintelligence is inevitable and could pose significant risks to humanity, while others argue that the creation of a truly superintelligent machine is unlikely in the near future."
222,What are the risks associated with AI?,"The risks associated with AI include job displacement, bias in decision-making, potential misuse in autonomous weapons, and the risk of losing control over superintelligent machines. Addressing these risks requires careful consideration and proactive measures to ensure that AI is developed and used responsibly."
223,What is AI ethics?,"AI ethics involves the consideration of the moral implications of creating and using AI. It includes issues such as fairness, transparency, accountability, and the potential impact on society. Developing a robust framework for AI ethics is crucial as AI becomes increasingly integrated into our lives."
224,How does AI impact the workforce?,"AI is transforming the workforce by automating tasks, enhancing productivity, and creating new job opportunities. However, it also poses challenges such as job displacement and the need for workers to acquire new skills to remain relevant in an AI-driven economy."
225,What is the role of AI in education?,"AI is revolutionizing education by providing personalized learning experiences, automating grading, and enhancing accessibility for students with disabilities. However, it also raises concerns about the potential for bias in AI-driven educational tools and the need for educators to develop skills in using AI effectively."
226,How is AI used in healthcare?,"AI is being used in healthcare to improve diagnosis accuracy, personalize treatment plans, and streamline administrative tasks. It also holds promise for advancing medical research and improving patient outcomes."
227,What is the impact of AI on the environment?,"AI can have both positive and negative impacts on the environment. On the positive side, AI can help optimize energy consumption, predict and mitigate the effects of climate change, and improve resource management. However, the development and deployment of AI systems also contribute to greenhouse gas emissions and electronic waste."
228,Can AI create art?,"Yes, AI can create art, including music, paintings, and literature. AI-generated art raises interesting questions about creativity, authorship, and the role of human artists in an era where machines can produce artistic works."
229,What is the relationship between AI and cybersecurity?,"AI is being used to enhance cybersecurity by detecting and responding to threats more effectively. However, AI systems themselves can also be vulnerable to cyber attacks, highlighting the need for robust security measures to protect AI-driven systems."
230,How does AI impact privacy?,"AI can impact privacy in various ways, including the collection and analysis of personal data, surveillance, and the potential for AI systems to make decisions based on biased or inaccurate data. Ensuring that AI is developed and used in ways that respect privacy is a critical challenge."
231,What is Explainable AI?,"Explainable AI (XAI) refers to AI systems that provide clear explanations for their decisions and actions. XAI is crucial for building trust in AI, ensuring accountability, and addressing regulatory requirements."
232,What is the role of AI in space exploration?,"AI is playing an increasingly important role in space exploration, including the analysis of data from space missions, the operation of autonomous spacecraft, and the search for extraterrestrial intelligence."
233,How is AI used in finance?,"AI is being used in finance to improve risk management, detect fraud, and provide personalized investment advice. It also holds promise for improving financial inclusion and reducing costs."
234,What is the impact of AI on transportation?,"AI is transforming transportation through the development of autonomous vehicles, optimized traffic flow, and improved logistics. It holds promise for reducing accidents, improving efficiency, and enhancing mobility for the elderly and disabled."
235,Can AI improve mental health?,"Yes, AI can improve mental health by providing access to personalized therapy, detecting early signs of mental health issues, and offering support for those in need. However, it also raises concerns about the potential for AI to exacerbate mental health issues if not designed and used responsibly."
236,What is the role of AI in disaster response?,"AI can play a critical role in disaster response by analyzing satellite imagery, detecting early warnings of natural disasters, and optimizing relief efforts. It holds promise for saving lives and reducing the impact of disasters."
237,How is AI used in agriculture?,"AI is being used in agriculture to optimize crop yields, detect diseases, and reduce waste. It also holds promise for improving resource management and reducing the environmental impact of farming."
238,What is the impact of AI on customer service?,"AI is transforming customer service through the use of chatbots, virtual assistants, and personalized recommendations. It holds promise for improving customer satisfaction, reducing costs, and enhancing efficiency."
239,Can AI predict the future?,"While AI can make predictions based on data and trends, predicting the future with certainty is beyond the capabilities of current AI systems. AI can, however, provide valuable insights and forecasts that can inform decision-making."
240,What is the role of AI in materials science?,"AI is being used in materials science to discover new materials, predict material properties, and optimize manufacturing processes. It holds promise for advancing the development of new technologies and improving the efficiency of materials production."
241,How is AI used in supply chain management?,"AI is being used in supply chain management to optimize logistics, predict demand, and reduce costs. It also holds promise for improving supply chain resilience and reducing the environmental impact of supply chain operations."
242,What is the impact of AI on human relationships?,"AI can have both positive and negative impacts on human relationships. On the positive side, AI can help people connect with each other and provide companionship for the elderly and isolated. However, excessive reliance on AI can also lead to social isolation and decreased human interaction."
243,Can AI understand humor?,"While AI can recognize and generate humor to some extent, truly understanding humor is a complex task that requires a deep understanding of human culture, context, and emotions. Current AI systems are not yet capable of fully understanding humor."
244,What is the role of AI in environmental conservation?,"AI can play a critical role in environmental conservation by analyzing data on climate change,"
245,What is Artificial Intelligence?,Artificial Intelligence (AI) refers to the simulation of human intelligence in machines that are programmed to think and learn like humans. The term can also be applied to any machine that exhibits traits associated with a human mind such as learning and problem-solving.
246,What are the main types of Artificial Intelligence?,"The main types of AI are: Narrow or Weak AI, which is designed to perform a specific task; General or Strong AI, which is a hypothetical AI system that possesses the ability to understand, learn, and apply knowledge across a wide range of tasks; and Superintelligence, which significantly surpasses the intelligence of the best human minds."
247,What is Machine Learning?,Machine Learning is a subset of AI that involves the development of algorithms that enable computers to learn and improve from experience without being explicitly programmed for each task.
248,What is Deep Learning?,"Deep Learning is a subset of Machine Learning that uses neural networks with many layers (deep neural networks) to analyze data. It is particularly useful for tasks involving large amounts of data and complex patterns, such as image and speech recognition."
249,What is Natural Language Processing?,"Natural Language Processing (NLP) is a subset of AI that deals with the interaction between computers and humans in natural language. It involves the development of algorithms and statistical models that enable computers to process, understand, and generate natural language data."
250,What are Neural Networks?,"Neural Networks are a series of algorithms that seek to recognize underlying relationships in a set of data through a process that mimics the way the human brain operates. They are particularly useful for tasks such as image recognition, speech recognition, and natural language processing."
251,What is Reinforcement Learning?,"Reinforcement Learning is a type of Machine Learning where an agent learns to behave in an environment by performing actions and seeing the results. It is often used in robotics, game playing, and autonomous vehicles."
252,What is Computer Vision?,Computer Vision is a subset of AI that deals with the interpretation and understanding of visual information from the world. It involves the development of algorithms that enable computers to process and understand digital images and videos.
253,What is Robotics?,"Robotics is the branch of AI that deals with the design, construction, operation, and use of robots. It involves the integration of AI, computer vision, and machine learning to enable robots to perform tasks that typically require human intelligence."
254,What is Expert System?,An Expert System is a type of AI program that uses a knowledge base and a set of rules to reason and make decisions. It is designed to mimic the decision-making abilities of a human expert in a particular domain.
255,What is Fuzzy Logic?,Fuzzy Logic is a mathematical approach to deal with uncertainty and imprecision. It is used in AI systems to reason and make decisions based on incomplete or uncertain data.
256,What is Swarm Intelligence?,"Swarm Intelligence is a type of AI that is inspired by the collective behavior of biological systems such as ant colonies and flocks of birds. It involves the use of decentralized, self-organized systems to solve complex problems."
257,What is Evolutionary Computation?,Evolutionary Computation is a type of AI that uses the principles of natural evolution to solve optimization problems. It involves the use of algorithms that simulate the process of evolution to find the best solution to a problem.
258,What is Hybrid Intelligence?,Hybrid Intelligence is a type of AI that combines the strengths of human and machine intelligence to solve complex problems. It involves the use of AI systems to augment and support human decision-making.
259,What is Explainable AI?,"Explainable AI refers to AI systems that provide insights and explanations about their decision-making processes. It is an important area of research in AI, as it enables the development of more transparent and trustworthy AI systems."
260,What is Edge AI?,"Edge AI refers to the deployment of AI systems at the edge of the network, close to the source of the data. It is used to reduce latency, improve real-time processing, and enhance security."
261,What is Transfer Learning?,Transfer Learning is a type of Machine Learning where a model trained on one task is retrained on another related task. It is used to adapt a pre-trained model to a new task with limited data.
262,What is Attention Mechanism?,"Attention Mechanism is a technique used in Deep Learning to focus on specific parts of the input data when processing it. It is used in tasks such as machine translation, question answering, and text summarization."
263,What is Generative Adversarial Network?,"Generative Adversarial Network (GAN) is a type of Deep Learning algorithm that consists of two neural networks: a generator and a discriminator. The generator creates new data samples, while the discriminator evaluates the generated samples and tells the generator whether they are realistic or not."
264,What is Reinforcement Learning from Human Feedback?,Reinforcement Learning from Human Feedback is a type of Reinforcement Learning where the agent learns from human feedback in the form of rewards or penalties. It is used in applications such as robotics and game playing.
265,What is Imitation Learning?,Imitation Learning is a type of Machine Learning where an agent learns to mimic the behavior of an expert or a human. It is used in applications such as robotics and autonomous vehicles.
266,What is Meta-Learning?,Meta-Learning is a type of Machine Learning where an agent learns to learn from other tasks and adapt to new tasks. It is used in applications such as few-shot learning and transfer learning.
267,What is Few-Shot Learning?,Few-Shot Learning is a type of Machine Learning where an agent learns to recognize new classes or objects with only a few examples. It is used in applications such as image recognition and natural language processing.
268,What is Zero-Shot Learning?,Zero-Shot Learning is a type of Machine Learning where an agent learns to recognize new classes or objects without any examples. It is used in applications such as image recognition and natural language processing.
269,What is Adversarial Attack?,Adversarial Attack is a type of attack on Machine Learning models where an attacker intentionally designs input data to cause the model to make a mistake. It is used to evaluate the robustness of Machine Learning models.
270,What is Adversarial Training?,Adversarial Training is a type of training method for Machine Learning models where the model is trained on adversarial examples to improve its robustness. It is used to defend against adversarial attacks.
271,What is Explainability in AI?,"Explainability in AI refers to the ability of an AI system to provide insights and explanations about its decision-making processes. It is an important area of research in AI, as it enables the development of more transparent and trustworthy AI systems."
272,What is Transparency in AI?,"Transparency in AI refers to the ability of an AI system to provide clear and understandable information about its decision-making processes. It is an important area of research in AI, as it enables the development of more trustworthy AI systems."
273,What is Fairness in AI?,"Fairness in AI refers to the ability of an AI system to make decisions that are unbiased and equitable. It is an important area of research in AI, as it enables the development of more trustworthy AI systems."
274,What is Accountability in AI?,"Accountability in AI refers to the ability of an AI system to be held responsible for its decisions and actions. It is an important area of research in AI, as it enables the development of more trustworthy AI systems."
275,What is Human-Centered AI?,"Human-Centered AI refers to the design and development of AI systems that prioritize human needs, values, and well-being. It is an important area of research in AI, as it enables the development of more trustworthy and beneficial AI systems."
276,What is Human-AI Collaboration?,"Human-AI Collaboration refers to the collaboration between humans and AI systems to achieve common goals. It is an important area of research in AI, as it enables the development of more effective and efficient AI systems."
277,What is AI for Social Good?,"AI for Social Good refers to the use of AI to address societal challenges and improve human well-being. It is an important area of research in AI, as it enables the development of more beneficial AI systems."
278,What is AI Ethics?,"AI Ethics refers to the study of the moral and societal implications of AI. It is an important area of research in AI, as it enables the development of more trustworthy and beneficial AI systems."
279,What is AI Governance?,"AI Governance refers to the development of policies, regulations, and standards for the development and deployment of AI systems. It is an important area of research in AI, as it enables the development of more trustworthy and beneficial AI systems."
280,What is AI Safety?,AI Safety refers to
281,What is Artificial Intelligence?,Artificial Intelligence (AI) refers to the simulation of human intelligence in machines that are programmed to think and learn like humans. The term can also be applied to any machine that exhibits traits associated with a human mind such as learning and problem-solving.
282,What are the main types of Artificial Intelligence?,"The main types of AI are: Narrow or Weak AI, which is designed to perform a specific task; General or Strong AI, which is designed to perform any intellectual task that a human can; and Superintelligence, which is significantly more intelligent than the best human minds."
283,What is Machine Learning?,Machine Learning is a subset of AI that involves the development of algorithms that enable computers to learn and improve from experience without being explicitly programmed for each task.
284,What is Deep Learning?,"Deep Learning is a subset of Machine Learning that uses neural networks with many layers (deep neural networks) to analyze patterns in data. It is particularly useful for tasks involving image, speech, and text recognition."
285,What is Natural Language Processing?,"Natural Language Processing (NLP) is a subset of AI that deals with the interaction between computers and humans in natural language. It involves the development of algorithms and statistical models that enable computers to process, understand, and generate natural language data."
286,What are Neural Networks?,"Neural Networks are a series of algorithms that are modeled after the human brain. They are designed to recognize patterns in data and learn from experience, making them a crucial component of many AI systems."
287,What is the difference between AI and Robotics?,"AI refers to the software that enables machines to think and learn, while Robotics refers to the physical machines themselves. Robotics involves the design, construction, and operation of robots, which can be controlled by AI systems."
288,What is the Turing Test?,"The Turing Test is a method for determining whether a machine is capable of thinking like a human being. It involves a human evaluator engaging in natural language conversations with both a human and a machine, without knowing which is which. If the evaluator cannot reliably distinguish the human from the machine, the machine is said to have passed the Turing Test."
289,What is the Singularity?,"The Singularity refers to a hypothetical future event in which AI surpasses human intelligence, leading to exponential growth in technological advancements, and potentially transforming society in profound ways."
290,What are the potential risks of Artificial Intelligence?,"The potential risks of AI include job displacement, bias in decision-making, loss of human agency, and the potential for AI systems to become uncontrollable or even hostile."
291,What is the current state of Artificial Intelligence?,"AI is currently being used in a wide range of applications, including virtual assistants, image recognition, natural language processing, and predictive analytics. However, the development of General AI remains a subject of ongoing research and debate."
292,What are the potential benefits of Artificial Intelligence?,"The potential benefits of AI include increased productivity, improved decision-making, enhanced customer experiences, and the potential to solve complex problems in fields such as healthcare, finance, and climate change."
293,What is the role of ethics in Artificial Intelligence?,"Ethics plays a crucial role in AI, as it involves ensuring that AI systems are designed and developed in ways that prioritize human well-being, safety, and dignity. This includes addressing issues such as bias, transparency, and accountability in AI decision-making."
294,What is the difference between symbolic and connectionist AI?,"Symbolic AI involves the use of symbols and rules to represent and manipulate knowledge, while connectionist AI involves the use of neural networks to learn and represent knowledge."
295,What is the concept of emergence in Artificial Intelligence?,"Emergence refers to the phenomenon of complex systems exhibiting behaviors or properties that arise from the interactions of individual components, rather than being explicitly programmed."
296,What is the role of cognitive architectures in Artificial Intelligence?,"Cognitive architectures are software frameworks that simulate the structure and function of the human mind, providing a foundation for integrating multiple AI systems and enabling more general and flexible intelligence."
297,What is the concept of situated cognition in Artificial Intelligence?,"Situated cognition refers to the idea that intelligence arises from the interaction between an agent and its environment, rather than being solely a product of internal mental processes."
298,What is the role of human-computer interaction in Artificial Intelligence?,"Human-computer interaction (HCI) is crucial in AI, as it involves designing interfaces and systems that enable humans to effectively interact with and understand AI systems."
299,What is the concept of explainability in Artificial Intelligence?,"Explainability refers to the ability of AI systems to provide clear and understandable explanations for their decisions and actions, which is essential for building trust and ensuring accountability in AI systems."
300,What is the role of transfer learning in Artificial Intelligence?,"Transfer learning involves using knowledge or models developed for one task to improve performance on another related task, which can significantly reduce the amount of training data and computational resources required."
301,What is the concept of meta-learning in Artificial Intelligence?,"Meta-learning involves training AI systems to learn how to learn from other tasks, enabling them to adapt quickly to new tasks and environments."
302,What is the role of reinforcement learning in Artificial Intelligence?,"Reinforcement learning involves training AI systems through trial and error, using rewards or penalties to guide the learning process, which is particularly useful for tasks involving sequential decision-making."
303,What is the concept of multi-agent systems in Artificial Intelligence?,"Multi-agent systems involve multiple AI agents interacting and cooperating to achieve common goals, which can be useful for tasks such as distributed problem-solving and autonomous systems."
304,What is the role of computer vision in Artificial Intelligence?,"Computer vision involves enabling computers to interpret and understand visual information from images and videos, which is used in applications such as object recognition, facial recognition, and autonomous vehicles."
305,What is the concept of natural language generation in Artificial Intelligence?,"Natural language generation involves using AI systems to generate human-like text or speech, which can be used in applications such as chatbots, language translation, and text summarization."
306,What is the role of recommender systems in Artificial Intelligence?,"Recommender systems involve using AI to suggest products or services to users based on their preferences and behavior, which can be used in applications such as e-commerce and content streaming."
307,What is the concept of autonomous systems in Artificial Intelligence?,"Autonomous systems involve AI systems that can operate independently without human intervention, which can be used in applications such as self-driving cars, drones, and robots."
308,What is the role of affective computing in Artificial Intelligence?,"Affective computing involves using AI to recognize and interpret human emotions, which can be used in applications such as emotional intelligence, sentiment analysis, and human-computer interaction."
309,What is the concept of swarm intelligence in Artificial Intelligence?,"Swarm intelligence involves using multiple AI agents to solve complex problems through collective behavior, which can be used in applications such as optimization, scheduling, and resource allocation."
310,What is the role of cognitive computing in Artificial Intelligence?,"Cognitive computing involves using AI to simulate human cognition, which can be used in applications such as expert systems, decision support systems, and natural language processing."
311,What is the concept of human-in-the-loop in Artificial Intelligence?,"Human-in-the-loop involves using human feedback and oversight to improve the performance and accuracy of AI systems, which can be used in applications such as data labeling, model training, and decision-making."
312,What is the role of explainable AI in Artificial Intelligence?,"Explainable AI involves using techniques such as feature attribution and model interpretability to provide insights into the decision-making processes of AI systems, which can be used to build trust and ensure accountability in AI systems."
313,What is the concept of value alignment in Artificial Intelligence?,"Value alignment involves ensuring that AI systems are designed and developed to align with human values and ethics, which can be used to prevent AI systems from causing harm or perpetuating biases."
314,What is the role of uncertainty in Artificial Intelligence?,"Uncertainty involves quantifying and managing the uncertainty associated with AI decision-making, which can be used to improve the robustness and reliability of AI systems."
315,What is the concept of causality in Artificial Intelligence?,"Causality involves using AI to identify cause-and-effect relationships in data, which can be used to improve the accuracy and reliability of AI decision-making."
316,What is the role of transferability in Artificial Intelligence?,"Transferability involves using AI models and algorithms developed for one task or domain to improve performance on another related task or domain, which can be used to reduce the need for extensive retraining and improve the efficiency of AI development."
317,What is the concept of scalability in Artificial Intelligence?,"Scalability involves designing and developing AI systems that can handle increasing amounts of data, users, or complexity without sacrificing performance or accuracy"
318,What is Artificial Intelligence?,Artificial Intelligence (AI) refers to the simulation of human intelligence in machines that are programmed to think and learn like humans. The term can also be applied to any machine that exhibits traits associated with a human mind such as learning and problem-solving.
319,What are the main goals of Artificial Intelligence?,"The main goals of AI include reasoning, problem-solving, knowledge representation, planning, learning, natural language processing, perception, and the ability to move and manipulate objects."
320,What is Machine Learning?,Machine Learning is a subset of AI that involves the development of algorithms that enable computers to learn and improve from experience without being explicitly programmed for each task.
321,What is Deep Learning?,Deep Learning is a subset of Machine Learning that involves the use of artificial neural networks to analyze and interpret data. It is inspired by the structure and function of the human brain.
322,What is Natural Language Processing?,"Natural Language Processing (NLP) is a subset of AI that deals with the interaction between computers and humans in natural language. It involves the development of algorithms and statistical models that enable computers to process, understand, and generate natural language data."
323,What is the difference between Narrow AI and General AI?,"Narrow AI is designed to perform a specific task, whereas General AI is designed to perform any intellectual task that a human can. Narrow AI is the type of AI that we see today, while General AI is still a topic of ongoing research and development."
324,What is the Turing Test?,"The Turing Test is a measure of a machine's ability to exhibit intelligent behavior equivalent to, or indistinguishable from, that of a human. It was proposed by Alan Turing in 1950 and is considered a benchmark for measuring the success of AI systems."
325,What is the role of Big Data in Artificial Intelligence?,Big Data plays a crucial role in AI as it provides the large amounts of data that AI systems need to learn and improve from. The quality and quantity of the data have a direct impact on the performance of AI systems.
326,What is the difference between Artificial Intelligence and Robotics?,"AI refers to the simulation of human intelligence in machines, while Robotics refers to the design, construction, and operation of robots. While there is some overlap between the two fields, they are distinct and separate areas of research and development."
327,What are some applications of Artificial Intelligence?,"AI has a wide range of applications, including virtual assistants, image recognition, natural language processing, expert systems, and robotics. It is used in industries such as healthcare, finance, transportation, and education."
328,What are some benefits of Artificial Intelligence?,"AI has several benefits, including increased efficiency, improved accuracy, and enhanced decision-making capabilities. It also has the potential to automate repetitive and mundane tasks, freeing up humans to focus on more complex and creative tasks."
329,What are some challenges of Artificial Intelligence?,"AI has several challenges, including the need for large amounts of high-quality data, the risk of bias and errors, and the potential for job displacement. There are also concerns about the ethics and accountability of AI systems."
330,What is the future of Artificial Intelligence?,"The future of AI is uncertain, but it has the potential to revolutionize many aspects of our lives. It could lead to significant advances in fields such as healthcare, transportation, and education, but it also raises concerns about job displacement and the need for new skills."
331,What is the role of ethics in Artificial Intelligence?,"Ethics plays a crucial role in AI as it involves the development of systems that can make decisions that affect humans. There is a need for transparency, accountability, and fairness in AI decision-making, as well as the need to address issues such as bias and job displacement."
332,What is the difference between Artificial Intelligence and Human Intelligence?,"AI refers to the simulation of human intelligence in machines, while Human Intelligence refers to the cognitive abilities of humans, including reasoning, problem-solving, and learning. While AI systems can perform some tasks better than humans, they lack the creativity, empathy, and common sense of humans."
333,What is the impact of Artificial Intelligence on jobs?,"AI has the potential to automate many jobs, particularly those that involve repetitive and mundane tasks. However, it also has the potential to create new jobs and industries that we cannot yet anticipate."
334,What is the role of Artificial Intelligence in education?,"AI has the potential to revolutionize education by providing personalized learning experiences, automating grading and feedback, and enhancing student engagement. However, it also raises concerns about the need for new skills and the potential for job displacement."
335,What is the role of Artificial Intelligence in healthcare?,"AI has the potential to revolutionize healthcare by providing personalized medicine, automating diagnosis and treatment, and enhancing patient outcomes. However, it also raises concerns about the need for new skills and the potential for bias and errors."
336,What is the role of Artificial Intelligence in finance?,"AI has the potential to revolutionize finance by providing personalized investment advice, automating trading and risk management, and enhancing financial inclusion. However, it also raises concerns about the need for new skills and the potential for bias and errors."
337,What is the role of Artificial Intelligence in transportation?,"AI has the potential to revolutionize transportation by providing autonomous vehicles, optimizing traffic flow, and enhancing safety. However, it also raises concerns about the need for new skills and the potential for job displacement."
338,What is the role of Artificial Intelligence in customer service?,"AI has the potential to revolutionize customer service by providing personalized support, automating routine inquiries, and enhancing customer engagement. However, it also raises concerns about the need for new skills and the potential for job displacement."
339,What is the role of Artificial Intelligence in cybersecurity?,"AI has the potential to revolutionize cybersecurity by providing real-time threat detection, automating incident response, and enhancing security analytics. However, it also raises concerns about the need for new skills and the potential for bias and errors."
340,What is the role of Artificial Intelligence in data analytics?,"AI has the potential to revolutionize data analytics by providing real-time insights, automating data processing, and enhancing decision-making capabilities. However, it also raises concerns about the need for new skills and the potential for bias and errors."
341,What is the role of Artificial Intelligence in digital marketing?,"AI has the potential to revolutionize digital marketing by providing personalized advertising, automating lead generation, and enhancing customer engagement. However, it also raises concerns about the need for new skills and the potential for bias and errors."
342,What is the role of Artificial Intelligence in human resources?,"AI has the potential to revolutionize human resources by providing personalized recruitment, automating talent management, and enhancing employee engagement. However, it also raises concerns about the need for new skills and the potential for job displacement."
343,What is the role of Artificial Intelligence in manufacturing?,"AI has the potential to revolutionize manufacturing by providing predictive maintenance, automating quality control, and enhancing supply chain management. However, it also raises concerns about the need for new skills and the potential for job displacement."
344,What is the role of Artificial Intelligence in retail?,"AI has the potential to revolutionize retail by providing personalized shopping experiences, automating inventory management, and enhancing customer service. However, it also raises concerns about the need for new skills and the potential for job displacement."
345,What is the role of Artificial Intelligence in sports?,"AI has the potential to revolutionize sports by providing personalized coaching, automating player tracking, and enhancing fan engagement. However, it also raises concerns about the need for new skills and the potential for bias and errors."
346,What is the role of Artificial Intelligence in telecommunications?,"AI has the potential to revolutionize telecommunications by providing personalized customer service, automating network management, and enhancing cybersecurity. However, it also raises concerns about the need for new skills and the potential for bias and errors."
347,What is the role of Artificial Intelligence in tourism?,"AI has the potential to revolutionize tourism by providing personalized travel recommendations, automating booking and reservations, and enhancing customer service. However, it also raises concerns about the need for new skills and the potential for job displacement."
348,What is the role of Artificial Intelligence in utilities?,"AI has the potential to revolutionize utilities by providing predictive maintenance, automating energy management, and enhancing customer service. However, it also raises concerns about the need for new skills and the potential for bias and errors."
349,What is the impact of Artificial Intelligence on society?,"AI has the potential to significantly impact society, both positively and negatively. It could lead to significant advances in fields such as healthcare and education, but it also raises concerns about job displacement, bias, and errors."
350,What is the role of Artificial Intelligence in environmental sustainability?,"AI has the potential to significantly impact environmental sustainability by providing real-time monitoring, automating sustainable practices, and enhancing climate modeling. However, it also raises concerns about the need for"
